title,score,id,comms_num,created,body,timestamp
Oppstem dette bildet for √• kollektivt le av svensken!,680,7wd8uo,3,1518209749.0,,2018-02-09 21:55:49
DANSK GULD P√Ö R/SHITTYAMA,459,1vo2lb,7,1390251274.0,,2014-01-20 21:54:34
KLIK IKKE! [NSFL],389,3leuhr,26,1442597335.0,,2015-09-18 19:28:55
Sweden. swedish flag. lad os overtage sverige med at overtage deres s√∏geresultater Hj√¶lp k√¶rer danskere med alle upvotes der er brug for!,394,5bt14b,7,1478638595.0,,2016-11-08 21:56:35
Sk√•ne_IRL,377,6zu7dl,9,1505334535.0,,2017-09-13 22:28:55
Sammen st√•r Dansken st√¶rk,348,7etbot,8,1511405963.0,,2017-11-23 03:59:23
"Sk√•ne. Scania. Sk√•ne l√§n. Opstem det smukke flag s√• folk kan se det, n√•r de s√∏ger p√• sk√•ne!",345,5dili3,14,1479448300.0,,2016-11-18 06:51:40
Vores allesammens Kronprins Frederik!,317,2cevxx,13,1407000794.0,,2014-08-02 19:33:14
Vila i frid prins Henrik. L√§nge leve Danmark och k√§rleken mellan v√•ra l√§nder!,311,7xgjiu,13,1518624260.0,,2018-02-14 17:04:20
DANMARK VINDER!!! UPVOTE PARTY!!! DU F√ÖR ET UPVOTE! DU F√ÖR ET UPVOTE! ALLE F√ÖR UPVORTES,301,1ell5g,76,1368944605.0,,2013-05-19 08:23:25
Hei fra oss i nord.,294,4d0wh9,10,1459618225.0,,2016-04-02 19:30:25
"Fear not my Danish friends, the Dutch are here to support you during the invasion!",286,2vo9hq,27,1423793018.0,,2015-02-13 03:03:38
Flag,267,5w3ol3,15,1488050928.0,,2017-02-25 20:28:48
"Efter angrebet i Sverige, vil jeg sige at det er enhver Danskers pligt at st√• bag vores br√∏dre i Sverige. Selvom de kan v√¶re irriterende",265,642oon,15,1491623261.0,,2017-04-08 05:47:41
To all you non-danes trying to invade this subreddit,258,2vo42w,8,1423790434.0,,2015-02-13 02:20:34
Inside the Danish b√∂rk industry,254,76x5e1,7,1508256716.0,,2017-10-17 18:11:56
"Sandheden er at finde p√• 4chan, viser det sig.",246,6kz2jt,2,1499105735.0,,2017-07-03 20:15:35
Make England Danish Again.,238,7ox4s5,11,1515427781.0,,2018-01-08 17:09:41
DET ST√òRSTE VIKINGETOGT TIL ENGLAND I 1000 √ÖR. VI PLYNDREDE DERES HUSE OG VOLDTOG DERES KVINDER,242,1w44zo,24,1390686877.0,,2014-01-25 22:54:37
Dat ass.,240,2djvtk,8,1408062956.0,,2014-08-15 02:35:56
Krigsf√∂rklaring mot konungariket Danmag!!!,235,1c2itb,29,1365638718.0,"###Krigsf√∂rklaring mot konungariket Danmag


This is a declaration of war against the /r/danmag from /r/swarje. Surrender at once and admit Sw√§rjes superiority over danmag or prepare for war. It is upp to you, the people of /r/danmag to decide what action to take:


Upvote this post accept the return of an age old tradition of all out war betwen /r/Swarje and /r/danmag

Downvote this post to accept that you are a nation of sillmj√∂lkar and your country is far inferior to the great Konungarike Sw√§rje


You have until ~~20:00~~ 21:00 this evening, at that time, the votes will be counted. If there are more downvotes then upvotes then you will be spared th√§n Sw√§nska vreden and forever be fegisar in our eyse. But if the upvotes are more then the downvotes, then this will be a blood-drenched night full of crying warhorns and thundering cannon.



Rules of Engagement:

>Geneva protocol of internet warfare Article 1: War should be fought with clever image macros, wicked comments and upvotes on friendly troops.

>Geneva protocol of internet warfare Article 2: Downvoting enemy soldiers is not forbidden, but it is a practice only cowards takes part in.

>Geneva protocol of internet warfare Article 3: All kinds of spam, bots and other automatic and/or mindless warfare is strictly forbidden.


The war will wage on untill one or the other side declares itself defeated.",2013-04-11 02:05:18
"OL GULD TIL DANMARK, SVENSKEN IKKE I SYNE",232,4ywasr,18,1471833019.0,GODT G√ÖET DRENGE!,2016-08-22 04:30:19
FY FOR SATAN!,231,5l4epa,1,1483145686.0,,2016-12-31 01:54:46
Denne mand fylder 82 √•r i dag. 1 upvote = 1 tillykke!,230,4nlgir,7,1465681870.0,,2016-06-11 23:51:10
"K√¶re landsm√¶nd. Jeg begynder at tro, at svensken alligevel er god nok.",226,30zsmm,10,1427877378.0,APRILSNAR! Gl√¶delig f√∏rste april.,2015-04-01 10:36:18
Alle gode ting kan bringes tilbage,226,7e9jjr,7,1511219988.0,,2017-11-21 00:19:48
STOLT DANSK JOURNALIST SENDER AMERIKANSKE KOLLEGAER TIL T√ÜLLING!,216,2nd1j3,5,1416942389.0,,2014-11-25 20:06:29
Det er sv√¶rt at have et retarderet familliemedlem,211,68lpxp,1,1493671221.0,,2017-05-01 22:40:21
Ord ikke n√∏dvendige,204,2a1xmc,11,1404774509.0,,2014-07-08 01:08:29
N√•r man v√¶lger at flyve til Norge i stedet for at k√∏re,201,5nklyj,8,1484270423.0,,2017-01-13 02:20:23
N√•r jeg er p√• /r/SWARJE...,205,1jf1n2,6,1375303677.0,,2013-07-31 22:47:57
"God. Gud. Allah. Opstem det smukke flag s√• folk kan se det, n√•r de s√∏ger p√• gud!",200,5dmttb,10,1479510182.0,,2016-11-19 00:03:02
DET ENDELIGE OPG√òR!,201,3srvr7,13,1447532227.0,,2015-11-14 21:17:07
N√•r selv svenskens babyer er p√• danskens side!,199,6f2vx3,8,1496545459.0,,2017-06-04 05:04:19
DANSK GULD P√Ö /r/polandball. HVOR ER SVENSKEN?,197,30lll9,17,1427580541.0,,2015-03-28 23:09:01
ENHVER DANSKERS DR√òM!,197,2oerv1,7,1417850048.0,,2014-12-06 08:14:08
JEG ER FOLKETINGET,195,89b02b,6,1522768191.0,,2018-04-03 17:09:51
Ôº∞ÔΩèÔΩåÔΩâÔΩîÔΩâÔΩìÔΩã ÔΩçÔΩâÔΩáÔΩçÔΩâÔΩá,195,8m0ot6,9,1527272705.0,,2018-05-25 20:25:05
Hele Norden er enig! Sverige = Skidt,186,6aajhh,8,1494417746.0,,2017-05-10 14:02:26
Et gammelt H.C. Andersen citat,183,1c0k7f,9,1365569859.0,,2013-04-10 06:57:39
Danmag i en n√∏ddeskal,185,26w1uv,8,1401499615.0,,2014-05-31 03:26:55
Da jeg var i Legoland fixede jeg lige hvad en tysker havde lavet p√• g√¶stev√¶ggen.,176,4oifgd,7,1466184307.0,,2016-06-17 19:25:07
DANMAG_ivirkeligheden,176,63gv8j,8,1491367214.0,,2017-04-05 06:40:14
At rejse er at leve!,176,349kcj,3,1430336241.0,,2015-04-29 21:37:21
"Her ser vi en √¶gte nordisk gud, ingen hollywood dukker kan klare den √¶gte vare!",172,1xgqye,4,1392011964.0,,2014-02-10 06:59:24
utilgiveligt,171,6fvf6r,7,1496889617.0,,2017-06-08 04:40:17
"<---- Procent Svenskere der ikke kan stave til ""Danskj√•vel""",171,2qm0vh,8,1419795112.0,,2014-12-28 20:31:52
"DANSK CSGO HOLD ASTRALIS VINDER E-LEAGUE MAJOR, SVENSKEN UDE I SEMIFINALEN",170,5qvlrc,13,1485747388.0,,2017-01-30 04:36:28
SOV GODT SVENSKERE! DANMAG',167,1d12ln,6,1366860559.0,,2013-04-25 05:29:19
Reddit officielle blog hylder dansk hygge,166,2leqyq,16,1415253272.0,,2014-11-06 06:54:32
"Dansk-Norsk propagandaplakat fra den anden Store Nordiske krig (2019, farvelagt)",164,8lic71,8,1527100796.0,,2018-05-23 20:39:56
Vi kan alle l√¶re noget af reglerne for brug af Lukas Grahams musik p√• Youtube,166,6vu6i5,0,1503640428.0,,2017-08-25 07:53:48
Hvor mange op-bobs kan vores dansk producerede Tesla f√•?,165,8bhh3m,12,1523485676.0,,2018-04-12 00:27:56
Typisk svensker p√• udflugt med k√¶resten.,164,4ijo87,4,1462831375.0,,2016-05-10 00:02:55
Gjeninnf√∏r Danmark-Norge! Aldri mer skal vi h√∏re p√• svenskens evige arroganse.,159,8ekd4h,26,1524605090.0,,2018-04-24 23:24:50
DANMARK INDTAGER FORSIDEN!,162,1ebbol,23,1368569187.0,,2013-05-15 00:06:27
Google har sj√¶ldent v√¶ret k√∏nnere!,159,6fbqkd,2,1496661655.0,,2017-06-05 13:20:55
Dansk produktudvikling (NSFW),155,3eb7zq,13,1437679409.0,,2015-07-23 21:23:29
"Spiller en smule Battlefield og f√•r det her skrald, hvad fanden tager de mig for?",157,5eoexc,10,1480032420.0,,2016-11-25 01:07:00
Danmark fixer Sverige,154,8fz2y1,6,1525120259.0,,2018-04-30 22:30:59
N√•r Bismarck r√∏r ved dine hertugd√∏mmer...,158,7wkvfq,6,1518289672.0,,2018-02-10 20:07:52
üá©üá∞>üá∏üá™,150,76d3st,7,1508027305.0,,2017-10-15 02:28:25
Nordmennene og danskene er i det minste enig om √©n ting...,153,2brruh,15,1406399852.0,,2014-07-26 20:37:32
>den f√∏lelse n√•r man er dansker,149,4ttduh,18,1469077712.0,,2016-07-21 07:08:32
DE NAIVE SVENSKERE TROR DE HAR L√òST PROBLEMET MED KRIMINALITET,152,2zy1a0,6,1427089746.0,,2015-03-23 06:49:06
Danmark er √¶ldst af de nordiske lande!,150,7ze5ed,10,1519326581.0,,2018-02-22 20:09:41
DANMAGS KONGE AF K√òKKENHAVER!,152,1kh2n7,2,1376663300.0,,2013-08-16 16:28:20
"Ingen vil NOGENSINDE kunne tage tronen fra Dannebrog, verdens √¶ldste nationalflag. De andre lande n√•r os ikke til sokkeholderne!",151,4c4o7t,9,1459088017.0,,2016-03-27 16:13:37
Er det?,151,8q06hf,14,1528658381.0,,2018-06-10 21:19:41
Me2irl4lockout,148,83pxw7,0,1520833980.0,,2018-03-12 06:53:00
S√• dette guldkorn i Futurama og tillod mig at tilf√∏je lidt,148,1ci1zk,8,1366189188.0,,2013-04-17 10:59:48
De har travlt med at spille dota s√• jeg har lige sendt vores tungeste skyts over √òresund,146,1c4itf,6,1365700657.0,,2013-04-11 19:17:37
Norsken har nogle fine traditioner,147,78u73s,5,1509035049.0,,2017-10-26 18:24:09
Dansk h√∏jkultur,148,5niir2,3,1484243196.0,,2017-01-12 18:46:36
Denmark overtakes Switzerland and regains title of 'world's happiest country',149,4anj3n,12,1458159533.0,,2016-03-16 21:18:53
Elsk hende. Frygt hende.,147,8malyl,3,1527374890.0,,2018-05-27 00:48:10
Tyvstj√•let men prisv√¶rdigt migmig,142,86f5mg,5,1521782126.0,,2018-03-23 06:15:26
Kort over √òstukraine til alle russiske soldater i omr√•det,144,6qo3y0,2,1501533147.0,,2017-07-31 22:32:27
Hurra for Helten K√∏benhavns Zoo har brug for og fortjener!!,145,1xn058,7,1392176591.0,,2014-02-12 04:43:11
DRONNING MARGRETHE OG B.S G√ÖR MED I KAMPEN MOD SVENSKEN!,145,1v837t,5,1389765867.0,,2014-01-15 07:04:27
GRUNDLOVEN FYLDER 165 √ÖR! L√ÜNGE LEVE DANSK DEMOKRATI OG GL√ÜDELIG GRUNDLOVSDAG LANDSM√ÜND!,141,27d1p4,5,1401977524.0,,2014-06-05 16:12:04
Det smukkeste jeg har set hele dagen.,146,1z2v7z,20,1393530613.0,,2014-02-27 20:50:13
Den rigtige nordiske gud,141,9so2ql,4,1540936307.0,,2018-10-30 22:51:47
Nul udenomssnak hos Danbolig Horsens,139,7w18o3,1,1518082225.0,,2018-02-08 10:30:25
K√•re er god,139,7535n9,4,1507513474.0,,2017-10-09 03:44:34
DANMARK AFSLUTTER MED EM GULD FOR N√ÜSEN AF SVERIGE OG S√ÜTTER NY REKORD...H√ÜVNEN ER S√òD!,140,2egcgc,7,1408927214.0,,2014-08-25 02:40:14
Kaj har f√•et 12 i fugtige migmiger,139,8tzlp5,10,1530044922.0,,2018-06-26 22:28:42
Dette niveau af migmig-teknologi begriber svensken overhovedet ikke.,141,7u90i6,3,1517423548.0,,2018-01-31 19:32:28
En sand udfordring for svensken,139,3c0tbd,5,1435978518.0,,2015-07-04 04:55:18
INTRO TIL DANMARK!,139,2qn57r,27,1419826855.0,,2014-12-29 05:20:55
Hundene er g√•et ind i kampen!,137,1c5wcf,12,1365745587.0,,2013-04-12 07:46:27
Konkret bud p√• Sveriges nye flag? (nsfw),137,4dx197,1,1460160004.0,,2016-04-09 02:00:04
pas p√• ved man st√∏der ind i,136,5tovl9,2,1486967610.0,,2017-02-13 07:33:30
"Svensken tror de er gode, men i deres eget eksempel taber de til Danmark",134,5r98hw,9,1485909418.0,,2017-02-01 01:36:58
DANMARK VINDER AF DET EUROP√ÜISKE MELODI GRAND PRIX,133,1ell5u,6,1368944618.0,,2013-05-19 08:23:38
"Hvad fanden sagde du lige om mit land, din skide svensker?",134,4f3inp,6,1460866484.0,,2016-04-17 06:14:44
Mit r√∏de hjerte banker for mine r√∏de landsm√¶nd!,136,1ktl71,2,1377140182.0,,2013-08-22 04:56:22
Europa jubler over Grundlovsdag mens svensken m√• n√∏jes med en andenplads,134,8pcp98,2,1528424736.0,,2018-06-08 04:25:36
Estland vs Dannebrog,131,6e8qwx,6,1496193634.0,,2017-05-31 03:20:34
Hvad siger i /r/DANMAG? Er det noget I kan bruge?,127,1dm8je,22,1367616522.0,,2013-05-03 23:28:42
BESKU VERDENS √ÜLDSTE FLAG,128,1bzj7b,17,1365541702.0,,2013-04-09 23:08:22
Sverige har √•bnet verdens st√∏rste museum,127,6jzj8o,6,1498671811.0,,2017-06-28 19:43:31
Fandt dette stykke poesi efterladt p√• et hostle i Australien,129,23cfe7,3,1397842771.0,,2014-04-18 19:39:31
"Dear Danish brethren, the Swedes have insulted both of our flags and languages. Will you reform our alliance and come to war with us? -Your Dutch friends",127,8fbq8u,17,1524865336.0,,2018-04-27 23:42:16
"We don't say ""I like love you"" in Denmark, we say ""Jeg vil br√¶nde svensken med dig"", which roughly translates to ""I trust you like I trust my country"" and I think that is beautiful.",130,6o9ivn,7,1500509697.0,,2017-07-20 02:14:57
"ADVARSEL: DENNE COMIC INDEHOLDER SVENSKEN (Bare roligt, som om det skulle v√¶re en overraskelse er der intet godt om dem i den)",132,5kz0he,2,1483071822.0,,2016-12-30 05:23:42
P√• resturant i Spanien!,130,2bak4a,18,1405977943.0,,2014-07-21 23:25:43
"Jeg er i gang med et ""Danmag"" mod til spillet Civilization V. Her er en lille smagspr√∏ve.",126,22dd6m,14,1396846553.0,,2014-04-07 06:55:53
svensken har brug for seri√∏s hj√¶lp.,129,71tr2t,10,1506140975.0,,2017-09-23 06:29:35
DANSK R/MADPORNOGRAFI,127,3irbni,12,1440816657.0,,2015-08-29 04:50:57
Et tastatur jeg kan leve med,121,5rzy8a,7,1486234018.0,,2017-02-04 19:46:58
Intet mindre end et smukt billede,126,1kvq7m,11,1377216235.0,,2013-08-23 02:03:55
Nyt dansk krigsmateriel afpr√∏ves i Helmand,128,1doa9g,5,1367696912.0,,2013-05-04 21:48:32
HVORFOR BLEV JESUS IKKE F√òDT I SVERIGE?!?!?!???!!!,128,2gvotq,12,1411177791.0,De kunne hverken finde tre vise m√¶nd eller en jomfru...,2014-09-20 03:49:51
Det danske overtag er fuldendt! L√ÜNGE LEVE VORT STOLTE KONGERIGE!,125,1wkw4m,6,1391138919.0,,2014-01-31 04:28:39
Selv Vsovs hader svensken,125,6qx90w,9,1501632643.0,,2017-08-02 02:10:43
Gl√¶delig Grundlovsdag,122,8oob0l,0,1528205471.0,,2018-06-05 15:31:11
Danmark stj√¶ler OL guld i h√•ndbold for √∏jnene af franskm√¶ndene! Svensken kan ikke engang gribe en bold!,123,4ywb6x,5,1471833145.0,,2016-08-22 04:32:25
Svenskerskak.,122,2v7p2w,6,1423449560.0,,2015-02-09 03:39:20
Gud bevare,120,720c0a,1,1506223568.0,,2017-09-24 05:26:08
Lige nu til verdens st√∏rste e-sport event. HVOR ER SVENSKEN?! x-post r/denmark,117,6t37kv,5,1502505816.0,,2017-08-12 04:43:36
Jeg lavede en ting,118,3kk60t,12,1442017949.0,,2015-09-12 02:32:29
Bedre udsigt findes ikke! - En herlig start p√• dagen.,123,27jhjo,8,1402166453.0,,2014-06-07 20:40:53
LANDSFORR√ÜDERI I GO'MORGEN DANMARK!!!,123,250p8e,13,1399555381.0,,2014-05-08 15:23:01
Ad forfanden!,123,25x9jz,0,1400511140.0,,2014-05-19 16:52:20
VI BURDE ANGRIBE DE LEDE NIDDINGER I /R/SHITTYAMA FOR IKKE AT TILLADE DANSKERE! DETTE ER S√Ö FORR√ÜDERISK AT SVANERNE GR√ÜDER!,122,1vmj3c,14,1390201321.0,,2014-01-20 08:02:01
FUT FUT ALLE OMBORD!,122,1bzu4v,7,1365551663.0,,2013-04-10 01:54:23
Norsken staver sig selv til grin,117,2xnubs,13,1425327616.0,,2015-03-02 21:20:16
1848 > 1864,118,9hhghk,2,1537495300.0,,2018-09-21 04:01:40
Set p√• Frederiksberg,116,6z0kao,2,1504972828.0,,2017-09-09 18:00:28
Dannebrog f√•r tusindvis af upvotes. Det overrasker selvf√∏lgelig ingen!,119,5lrn6w,8,1483474842.0,,2017-01-03 21:20:42
Skammemaskinen,114,8zdqha,5,1531796640.0,,2018-07-17 05:04:00
"Fandens nordm√¶nd kom p√• front page med deres wannabe risengr√∏d! Satans nassere, f√∏rst vil de v√¶re uafh√¶ngige, men nu stj√¶ler de fandme en af vores mest elskede nationalretter?! Jeg er helt m√•ll√∏s!",116,5gigcd,14,1480922633.0,,2016-12-05 08:23:53
"En ting m√• man give svenskerne, de har en bedre udsigt. NEMLIG TIL DANMARK",114,3ugq5k,6,1448659849.0,,2015-11-27 22:30:49
Sommer,116,2s9k4d,3,1421169009.0,,2015-01-13 18:10:09
"Hov, Bendtner er da nok lige den bedste i verden, hva? Svensken ved slet ikke hvad der sker",118,2hb3a4,8,1411569094.0,,2014-09-24 16:31:34
DANSKEHEDEN SAMLET P√Ö KANALRUNDFART!,115,1uvy54,11,1389397572.0,,2014-01-11 00:46:12
Svensken som det eneste land i Europa der har en knoldesparker som leder,115,7eyjef,13,1511458522.0,,2017-11-23 18:35:22
Til helvete med sverige. (Rant),116,763znz,23,1507920490.0,"Hei. 

Nordmann her, som har sett seg utrolig fucking lei av arrogante og uvitende svensker. De tror at Norge hadde v√¶rt et sisteklasses U-land uten oljen (ikke faktabasert i det hele tatt; Norge hadde en av verdens st√∏rste handelsfl√•ter ved starten av WW1, bare toppet av japan, usa og england mm.) 

De anklager b√•de Danmark og Norge for √• v√¶re rasister for √• simpelthen heise flaggene v√•re og v√¶re stolte av v√•re land. De ansetter uhorvelige mennesker som Martin Aag√•rd.^1

https://www.expressen.se/debatt/vi-morka-kan-aldrig-bli-riktiga-norrman/

https://www.flashback.org/t1476391

https://www.rights.no/2014/09/vi-er-ju-tross-alt-inte-norge/

https://www.aftonbladet.se/kultur/article16089195.ab ^1

Mange av mine landsmenn vil si at Sverige var en bedre unionspartner grunnet st√∏rre norsk selvstendighet, men det som skjer n√• gj√∏r MER enn opp for den s√•kalte ""400√•rs-natten"" (https://no.wikipedia.org/wiki/400-%C3%A5rsnatten) vi hadde med dere. 

Fuck Sverige. Danmark respekterer oss, og vi respekterer Danmark: det samme kan desverre(?) ikke bli sagt for Norge-Sverige. Kall meg gjerne militant, men jeg er s√• J√ÜVLIG lei av √• ikke bli tatt seri√∏st av svensker.

La oss bygge opp igjen v√•rt gamle samarbeid, uten at v√•r uavhengighet g√•r til grunne denne gangen. ;\)

Mvh Nordmann.",2017-10-13 20:48:10
Ordbogen har fat i noget,116,5iuihy,3,1482011078.0,,2016-12-17 22:44:38
TSM TAGER SKRALDET UD,115,33xli6,14,1430095442.0,,2015-04-27 02:44:02
Mig_idvl,116,748uu1,2,1507159504.0,,2017-10-05 01:25:04
We will rebuild!,116,1pe254,17,1383002619.0,,2013-10-29 00:23:39
S√• sandt som det er sagt,117,40eisg,6,1452506386.0,,2016-01-11 10:59:46
Fantastisk Polandball tegneserie.,114,2lyy8p,11,1415747445.0,,2014-11-12 00:10:45
Hvorfor leger svensken ikke gemmeleg?,115,1da9rc,5,1367203186.0,####Fordi ingen gider at finde dem,2013-04-29 04:39:46
Svensken er jo skrald!,108,5mnkhl,8,1483860217.0,,2017-01-08 08:23:37
"Takk til de Bacon, Danmark! Fra dine bedte ven, England!",109,1w6yvs,27,1390774647.0,,2014-01-26 23:17:27
Den store og m√¶gtige Laudrup viser sin dominans,110,2ruu3m,0,1420840403.0,,2015-01-09 22:53:23
Sverige er et tredjeverdensland!,110,8nk2mv,7,1527814861.0,,2018-06-01 03:01:01
As an american facinated by r/SWARJE/ and r/DANMAG I made a website showing my feelings about the r/all war going on,108,7bf9si,17,1510109318.0,,2017-11-08 03:48:38
"En dr√∏m, vi alle dr√∏mmer!",109,39fpb4,13,1434054201.0,,2015-06-11 22:23:21
M√¶nd i Sverige,108,2uzvdo,7,1423268400.0,,2015-02-07 01:20:00
De engelske imperialister forst√¶tter angrebet. Dette kr√¶ver tungere skyts! B√∏fsandwich!,108,1w3vpp,8,1390673604.0,,2014-01-25 19:13:24
"Et sjovt ""find ordet"" spil for hele familien!",109,6vkg30,4,1503537383.0,,2017-08-24 03:16:23
Den ultimative bjergbestiger-bedrift,112,3j5p7p,5,1441097692.0,,2015-09-01 10:54:52
"I en tid med skuddramaer og importeret Valentinsoverload er det vist p√• tide at minde hinanden om, hvad dansk februar er for en st√∏rrelse.",110,2vxaae,6,1423988187.0,,2015-02-15 09:16:27
"Danmarks historie hyldes endnu engang p√• forsiden, svensken n√¶vnes slet ikke.",113,2twyu3,17,1422439859.0,,2015-01-28 11:10:59
Terrorist l√∏s i DK!!,113,2g34fr,8,1410451815.0,,2014-09-11 18:10:15
FORSVARSV√ÜRKERNE ER P√Ö PLADS,106,1c2xom,3,1365649546.0,,2013-04-11 05:05:46
Mage til d√•rlig smag har jeg n√¶ppe set,110,87brzy,3,1522120260.0,,2018-03-27 05:11:00
S√∏slaget i K√∏ge Bugt 1677,106,2wvhvb,9,1424731947.0,,2015-02-23 23:52:27
Pepe som stolt daner,109,51q615,2,1473348999.0,,2016-09-08 17:36:39
DANMARKS NATIONALRET ER FUNDET!,109,2muzyu,9,1416501233.0,,2014-11-20 17:33:53
De svenske specialstyrker melder sig i kampen,103,1c72n4,8,1365785483.0,,2013-04-12 18:51:23
En hund bliver tilbudt svenskens nationalspise,105,52vs3n,11,1473969392.0,,2016-09-15 21:56:32
Br√∏dre! Vi m√• ikke lade den tysk-svenske alliance bringe os ned! Vi ruller bare endnu st√∏rre kanoner ud: H.C. ANDERSEN!,108,2vk233,4,1423705749.0,,2015-02-12 02:49:09
Den endelige l√∏sning,106,26ifxb,9,1401128102.0,,2014-05-26 20:15:02
Endnu en gang st√•r Dannebrog stolt,110,21t5i6,4,1396275384.0,,2014-03-31 16:16:24
"√•h-√•h, Swarje; her kommer et par tons dansk frihed!",106,1dig60,1,1367476591.0,,2013-05-02 08:36:31
Berlingske kommer med en super pointe til sidst!,104,6yiqek,0,1504762782.0,,2017-09-07 07:39:42
"God eftermiddag til jer alle, udover personen som er ansvarlig for dette.",107,6l6tmi,20,1499200747.0,,2017-07-04 22:39:07
DANSKEN VINDER OVER SVENSKEN,102,5odiup,10,1484630001.0,!!!!!!!27-25!!!!!!!,2017-01-17 06:13:21
Jeg blev tilbudt et job i Sverige i dag,107,3wyhkq,14,1450226529.0,Jeg afslog,2015-12-16 01:42:09
"Svensken til venstre, kongeriget til h√∏jre.",103,2lkzdh,9,1415400578.0,,2014-11-07 23:49:38
PR√òVER SVENSKEN OVERHOVEDET?,105,1bqtm5,0,1365211404.0,,2013-04-06 03:23:24
Jeg savner lidt Kaj memes...,107,6wbf95,1,1503856744.0,,2017-08-27 19:59:04
Forslag til Sveriges nye flag,103,46mxcm,11,1455946257.0,,2016-02-20 06:30:57
Svenskerne er nu ret hippe,108,3ytubr,6,1451537768.0,,2015-12-31 05:56:08
Danmark har en dansk Kermit! Men hvad har svensken?!,104,5kjhiy,9,1482870167.0,,2016-12-27 21:22:47
"I forbindelse med det kolde vejr udenfor, bringer jeg et varmende billede <3",102,3ttqax,14,1448238623.0,,2015-11-23 01:30:23
Sandheden om svensken,105,2y4hsr,8,1425666294.0,,2015-03-06 19:24:54
Nationalret!,101,2veb1c,6,1423582567.0,,2015-02-10 16:36:07
Briliant Sweden.. really,106,2egvcp,2,1408939589.0,,2014-08-25 06:06:29
Swarje forst√•r sig ikke p√• bannere.,106,1er5x8,22,1369155479.0,,2013-05-21 18:57:59
VI KAN V√ÜRE STOLTE AF AT DENNE TRIO HAR BRAGT OS GOD UNDERHOLDNING I OVER 40 √ÖR!,104,1cabav,9,1365912786.0,,2013-04-14 06:13:06
Tysken er s√• sm√•t ved at blive et civiliseret folkef√¶rd,103,4bkpdd,7,1458728729.0,,2016-03-23 11:25:29
ET RIGTIGT JULETR√Ü,102,3xomst,5,1450718032.0,,2015-12-21 18:13:52
The Prinsgemal Awakens... Fra sin lur (x-post /r/denmark),103,3x7srw,3,1450390677.0,,2015-12-17 23:17:57
Kom igen Sverige!,100,1p42i7,12,1382633154.0,,2013-10-24 18:45:54
NED MED SVENSKEN!,104,736d35,8,1506699615.0,,2017-09-29 17:40:15
Den danske nation dominerende ved OL - Svensken dominerer knap nok sig selv.,102,4xuuba,0,1471312336.0,,2016-08-16 03:52:16
Royal raincoat,98,6nmyvd,6,1500250284.0,,2017-07-17 02:11:24
"HOLGER DANSKE SPOTTET I FOR HONOR, MEN HVOR ER SVENSKEN??",101,5t8x3n,6,1486779510.0,,2017-02-11 03:18:30
"Svensk er s√• d√•rligt et sprog, selv Svensken har problemer med det.",99,4i1px7,7,1462507775.0,,2016-05-06 06:09:35
De kan ikke v√¶re det bekendt!,99,3p92jf,3,1445220206.0,,2015-10-19 04:03:26
Svensken kan ikke engang give tegneseriekatte de korrekte navne,96,2g7na1,9,1410567845.0,,2014-09-13 02:24:05
DANMARK AFVISER RUSSISK FLYANGREB P√Ö SVERIGE N√ÖR NU SVENSKEN IKKE MAGTER DET,97,1cusbs,11,1366652302.0,,2013-04-22 19:38:22
SKAL JEG SK√ÜRE DET UD I PAP?,98,1bx57w,6,1365462093.0,,2013-04-09 01:01:33
Forskere pr. million mennesker - Danmag er vinderen (fundet i r/MapPorn),96,713wc3,11,1505865227.0,,2017-09-20 01:53:47
To ting der g√•r h√•nd i h√•nd,100,6o0hyq,0,1500410417.0,,2017-07-18 22:40:17
EUROPE UNDER EN VIRKELIG LEADER!,100,69ola2,12,1494146582.0,,2017-05-07 10:43:02
Nok sagt,99,3sn48q,8,1447431958.0,,2015-11-13 17:25:58
OPDATERING: Nu er de britiske kolonier ogs√• faldet for den musikalske overmagt!,99,3qdxqo,7,1445954686.0,,2015-10-27 15:04:46
"Kan vi lige bruge et √∏jeblik p√• at anerkende det her fucking seje billede?! Hvis det ikke er dansk viking feat. breaking bad feat. videnskabsgeni, s√• ved jeg ikke hvad er.",100,31nlov,4,1428373848.0,,2015-04-07 04:30:48
"Hvor er jeres Vikingeguder nu, Svensken?",102,2g38at,10,1410456406.0,,2014-09-11 19:26:46
Jesper Steinmetz sender verdens bedste land direkte til forsiden med sin cool stil,95,2bxyay,5,1406583341.0,,2014-07-28 23:35:41
"Landsm√¶nd, hold inde! /r/shittyama er jo fuldst√¶ndigt udplyndret! Der finder vi ej mere bytte!",101,1vqzht,35,1390322324.0,"Vi m√• s√∏ge efter ny kyster at h√¶rge. Jeg stemmer for vi organiserer en dag hvor vi indtager en af standard-subs'ene med indhold af h√∏j kvalitet, f.eks. /r/pics med billeder af vort stolte f√¶drendeland.

Edit: Der er stemning for et angreb p√• /r/inglin. Hvis det skal g√∏res, skal vi g√∏re det ordentligt; det er den danske m√•de. For at l√•ne fra det stolte Danske Forsvar, s√• skal det v√¶re VOVS: Velovervejet, Overv√¶ldende, Voldsomt og Samtidigt.

Alle plyndringsivrige vikinger opfordres til at samle sig v√•ben til togtet. Det b√∏r v√¶re 'rigtige' posts, alts√• ikke bare spam af ""Argh, viking"", men ting som har en eller anden relation til angelsakserne, f.eks. TIL's om daneg√¶ld, danelov, Svend Tvesk√¶g, Knud den Store (Wilhelm Erobreren m√•ske, normannerne var trods alt bl.a. af dansk afstamning. S√• kan nordmanden m√•ske ogs√• v√¶re med), sportsresultater (fodboldkampe f.eks.), deres import/afh√¶ngighed af vores bacon, √∏l eller andre produkter.

Og, for at v√¶re rimelig (om noget en dansk dyd), m√• det ogs√• meget gerne v√¶re posts der stiller b√•de angelsakseren *og* daneren i et godt lys, evt. samarbejder imellem de to stolte nationer.

Men det skal alts√• v√¶re indhold(! ikke dumme memes) som har en relation til angelsakserne *og* danerne og som rent formelt h√∏rer ind under /r/inglin 's regler. Jeg h√•ber vi alle kan v√¶re enige om at det er en v√¶rdig m√•de at g√∏re tingene p√•.

Jeg forventer at vi kan iv√¶rks√¶tte et angreb senest l√∏rdag, men vi kan holde mandtal og m√∏nstring af skytset lidt undervejs.",2014-01-21 17:38:44
SKIBET AF DANSK STOLTHED P√Ö VERDENSOMREJSE (VI HAR VORES TOG MED FRA SPAGHETTIARMEN),102,1usdpr,13,1389291384.0,,2014-01-09 19:16:24
DET ALLERHELLIGSTE,96,1c9nvn,3,1365889822.0,,2013-04-13 23:50:22
Original migmig,96,9obhya,1,1539628364.0,,2018-10-15 20:32:44
Flaget p√• halv! Danmags nationalskjald er g√•et bort!,100,9k59vj,8,1538331238.0,,2018-09-30 20:13:58
Hvor er svensken?,98,5xi6kt,11,1488679529.0,,2017-03-05 03:05:29
TIL svensken har lavet en bog med 501 beskrivelser af √òresundsbroen,99,3gcbv2,3,1439149710.0,,2015-08-09 21:48:30
STOLT DANSK HUMOR,98,3g5h5j,11,1438997809.0,,2015-08-08 03:36:49
Hvordan en god filmoplevelse √∏del√¶gges lige fra starten af,99,359tgq,2,1431103660.0,,2015-05-08 18:47:40
"Endelig sagde de noget klogt p√• ""Welcome to Sweden""",98,2pb41m,7,1418631468.0,,2014-12-15 09:17:48
"3 danske film er nomineret til en Oscar! Jagten, The Act of Killing go Helium! Men hvor er svensken? DE ER SLET IKKE NOMINERET!",99,1vd27m,0,1389911269.0,,2014-01-16 23:27:49
"Manden bag programmeringssproget C++, en √¶gte dansk viking!",98,1fproz,15,1370461457.0,,2013-06-05 21:44:17
165.000 TONS REN DANSK VERDENSHERRED√òMME,97,1bzwbh,2,1365553176.0,,2013-04-10 02:19:36
"De store studier k√¶mper om den stolte Daner, Mads Mikkelsen. Svensken er ikke til at finde! [X-post /r/marvelstudios]",96,5etevd,8,1480106905.0,,2016-11-25 21:48:25
Der er vidst en som skal have inddraget sit statsborgerskab,100,5azeta,4,1478235833.0,,2016-11-04 06:03:53
Vores stolthed (x-post r/funny),99,4dpzg2,8,1460041881.0,,2016-04-07 17:11:21
DE STOLTE DANER GLEMMER IKKE!,94,420lmh,10,1453421001.0,,2016-01-22 01:03:21
VEJRET KN√ÜLER FOR HKH FREDERIK,98,2s5t3a,10,1421096631.0,,2015-01-12 22:03:51
Dansk Folkepartis nuv√¶rende situation,95,9h7c5f,12,1537407997.0,,2018-09-20 03:46:37
Georg skal vaskes,95,7js0f4,0,1513291677.0,,2017-12-14 23:47:57
Skive Memeblad,95,758o6x,0,1507580203.0,,2017-10-09 22:16:43
Mig rn,96,6wzsjy,6,1504134895.0,,2017-08-31 01:14:55
Danmark igen de bedste i sk√•l! (Sk√•l!) Svensken ingen steder at se.,97,5ygr0k,10,1489112704.0,,2017-03-10 03:25:04
"Min reaktion p√• Ruslands ynkelige ""trussel"".",96,2zwgtx,16,1427059828.0,,2015-03-22 22:30:28
EN √ÜGTE DANER!,95,1f2r1p,10,1369592673.0,,2013-05-26 20:24:33
Sk√•ne og Schleswig-Holsten burde v√¶re vore,96,9rdgfo,11,1540524554.0,,2018-10-26 05:29:14
/r/DANMAG er h√•rdtarbejdende! Hvor er /r/SWARJE??!,95,54psbk,1,1474997331.0,,2016-09-27 19:28:51
Jeg fandt svensken!,93,4ywdsw,2,1471833976.0,,2016-08-22 04:46:16
"Ud af alle nationer p√• jorden, hvilken er mest sandsynlig ikke at eksistere i 2050?",96,4ig8s7,10,1462768646.0,,2016-05-09 06:37:26
Britterne har stadig ikke gennemskuet vort hemmelige v√•ben!,98,3odk90,11,1444628094.0,,2015-10-12 07:34:54
Dansk stolthed (m√¶lk for st√∏rrelsesforhold),94,3alxy4,7,1434927374.0,,2015-06-22 00:56:14
Erkennt schon mal euren neuen Herrscher an,94,2vcqrz,4,1423551936.0,,2015-02-10 08:05:36
"DANMARK NR.2 P√Ö HUFFINGTON POSTS ""MUST SEE BEFORE YOU DIE""-LIST - SVENSKEN FULDKOMMEN UDE AF SIGTE!",98,25v8ff,10,1400456335.0,,2014-05-19 01:38:55
Verden erkender danskens overlegenhed (x-post from r/standupshots),97,1vfod5,2,1389976913.0,,2014-01-17 17:41:53
DANMARK SEJRER IGEN! L√ÜR DET SWARJE!,92,1ell0w,5,1368944488.0,MELODIGRANDPRIX ER VORES! VI √ÜRER BR√òDRENE OLSEN!,2013-05-19 08:21:28
N√•r der er Dansk post p√• forsiden,98,1d2pv8,2,1366915147.0,,2013-04-25 20:39:07
Svensken trenger hj√¶lp!,94,2soqym,4,1421483387.0,,2015-01-17 09:29:47
MARGRETHE II VS. CARL XVI GUSTAF (NSFS -Not Safe For Svensken),93,1uydjd,1,1389468613.0,,2014-01-11 20:30:13
Jeg s√• premieren p√• s√¶son 9 af HIMYM her til morgen. Pludselig skete der noget uventet og meget smukt i baggrunden.,91,1n3hye,14,1380137796.0,,2013-09-25 21:36:36
NED MED SVENSKEN! (Legomand angriber IKEA med r√∏de p√∏lser og tuborg i et patriotisk terror angreb),95,1lkgrh,7,1378142189.0,,2013-09-02 19:16:29
"DE DANSKE TROPPER MARCHERER GENNEM SK√ÖNE, EFTER BEFRIELSEN AF DETS SVENSKE UNDERTRYKKERE",93,1c4czj,4,1365690689.0,,2013-04-11 16:31:29
Sw√§rje og N√•rje er ikke p√¶ne at se p√•,92,1c2cw9,8,1365634143.0,,2013-04-11 00:49:03
Stockholm er ok!,94,5qn8wt,4,1485633130.0,,2017-01-28 20:52:10
Svensk Gl√∂gg,96,5gzl26,7,1481142086.0,,2016-12-07 21:21:26
"En s√∏d hund, men s√• alligevel ikke",91,4dvncz,3,1460136237.0,,2016-04-08 19:23:57
Danmark er endnu engang p√• forsiden OG SVENSKEN ER INTET STED AT SE,93,1sk4fg,5,1386724121.0,,2013-12-11 02:08:41
smukt syn hver gang ved den dansk tyske gr√¶nse [REPARERET],96,1iykx0,8,1374708182.0,,2013-07-25 01:23:02
Dansken viser endnu engang verden hvordan man skal skyde n00bs i Counterstrike. Svensken p√• en s√∏lle sidsteplads (hvor de h√∏rer til!),92,8kw8d2,0,1526885374.0,,2018-05-21 08:49:34
KN√ÜL FOR KONG CHRISTIAN! Eriksen-hattrick sikrer VM-billetten,93,7cza63,3,1510726396.0,,2017-11-15 07:13:16
"Danmark er endnu engang i South Park, men hvor er svensken?",91,55166w,14,1475165447.0,,2016-09-29 18:10:47
Deutschland,93,2vjt3l,2,1423701648.0,,2015-02-12 01:40:48
"While the krauts of /r/SCHLAND have been attacking /r/DANMAG, the krauts at /r/kreiswichs have been at war with us in /r/cirkeltrek. LET THEM FIGHT ON TWO FRONTS!",88,2vf8nh,16,1423610277.0,,2015-02-11 00:17:57
Wallpaper til /R/DANMAG!,92,1y507m,11,1392664329.0,,2014-02-17 20:12:09
HVA SATAN???!!!,92,7j4mwz,3,1513049881.0,,2017-12-12 04:38:01
"Svensken f√∏rer sig frem foran amerikaneren, mens vi ikke engang skal have pungen frem",91,7hhzfz,14,1512429956.0,,2017-12-05 00:25:56
N√•r svensken skal v√¶re fuld,90,5mzcdm,4,1484015233.0,,2017-01-10 03:27:13
"Karl Otto Meyer er d√∏d, 87 √•r gammel. Han viede sit liv til at k√¶mpe for f√¶drelandet i Sydslesvig, og hans st√∏rste dr√∏m var at se et Danmark til Ejderen. Han er den slags dansker, vi alle skal str√¶be efter at v√¶re. √Üret v√¶re hans minde.",91,44qqsh,10,1454964298.0,,2016-02-08 21:44:58
True advertising,89,2ysknr,9,1426196873.0,,2015-03-12 22:47:53
Havde en mindre uoverensstemmelse p√• FB ig√•r. Tak for grafisk hj√¶lp! Hurra!,93,2y5hs7,10,1425690772.0,,2015-03-07 02:12:52
Dannebrogs sang,91,2ornjz,10,1418172188.0,,2014-12-10 01:43:08
S√• herskerligt smukt :'),92,1te9j0,4,1387664704.0,,2013-12-21 23:25:04
Batman,95,1kzx93,18,1377369359.0,,2013-08-24 20:35:59
S√òREN KIRKEGAARD P√Ö GOOGLE SL√Ö DEN SVENSKERE,91,1dq2mw,4,1367770859.0,,2013-05-05 18:20:59
BS og Bubber vogter mod ABBA b√∏sser der pr√∏ver at krydse √òresund.,92,1c73z1,0,1365788108.0,,2013-04-12 19:35:08
En mavepuster til de dj√¶velske svenskere,89,8d052f,4,1524028601.0,,2018-04-18 07:16:41
Frank Hvam medvirker i Game of Thrones,91,4q2e9n,25,1467046085.0,,2016-06-27 18:48:05
"I √•r har Danmark valgt at holde sig fra EM for at give de andre en chance. Og svensken? Tja, staklerne g√∏r deres bedste.",86,4nhn1n,4,1465611238.0,,2016-06-11 04:13:58
Bernie Sanders is right: Denmark is the best nation for working people,88,46uo9c,3,1456077003.0,,2016-02-21 18:50:03
"GLEDELIG JUL, KJ√ÜRE DANSKER!",91,3y4wa5,3,1451032920.0,"Gledelig jul, p√∏lser! 

Vit at vi nordmenn er glade i dere! (jer) <3

Edit: Nordmenn er aldri 24 timer for sene; vi kommer n√∏yaktig n√•r det passer oss!",2015-12-25 09:42:00
"HIP HIP HURRA, DET ER DRONNINGENS 75-√ÖRS F√òDSELSDAG!",92,32s2hy,18,1429195636.0,ALLE MED I STIKBOLD IGEN,2015-04-16 16:47:16
R.I.P. Allan Simonsen,91,1gv09b,3,1371947046.0,,2013-06-23 02:24:06
DET DANSKE FOLKS MORALSKE KAMPVOGN,90,1bzt8e,4,1365550930.0,,2013-04-10 01:42:10
Den eneste tid p√• √•ret hvor norsken er din ven,91,7dvdnx,2,1511064501.0,,2017-11-19 05:08:21
When you search for 'Swedish Flag' on Google Images!,91,5buj29,2,1478654443.0,,2016-11-09 02:20:43
Hvorfor vi burde stemme p√• Sverige i aften til Eurovision...,88,36zl0p,8,1432418095.0,"S√Ö VI KAN VINDE P√Ö SVENSK GRUND FOR **3. GANG** N√ÜSTE √ÖR OG UDMYGE DE FORBANDEDE SVENSKERE FORAN HELE EUROPA!!!1!!1!



##2000 & 2013 -**NEVER FORGET**



EDIT: **VI SES N√ÜSTE √ÖR /R/SWARJE**",2015-05-23 23:54:55
Fra DRs afstemning om de st√∏rste √∏jeblikke p√• TV,88,2yovr6,12,1426119548.0,,2015-03-12 01:19:08
Hvordan /r/SWARJE ser dem selv,90,1cv877,1,1366672846.0,,2013-04-23 01:20:46
Dansk stolthed til masserne!,89,1c74tl,1,1365789834.0,,2013-04-12 20:03:54
Jeg kan ikke se noget svensk flag,88,1c72jz,7,1365785329.0,,2013-04-12 18:48:49
Holger Danske g√∏r sit indtog i spillet For Honor,90,5u3933,5,1487137512.0,,2017-02-15 06:45:12
PAS P√Ö! DEN DANSKE FL√ÖDE KOMMER!,86,3h4xux,2,1439703383.0,,2015-08-16 07:36:23
"Amen krille, amen!",89,3gp3gw,10,1439392639.0,,2015-08-12 17:17:19
Hvad skal jeg g√∏re nu?!,89,2tb9yq,11,1421980324.0,,2015-01-23 03:32:04
Stolt dansker!,91,2psynv,3,1419039062.0,,2014-12-20 02:31:02
√ÜGTE DANSKE EM-SNITTER,89,1w0z7e,3,1390593553.0,,2014-01-24 20:59:13
Sveriges justitsminister kan ikke engang genkende simpel satire.,86,1um9he,10,1389123674.0,,2014-01-07 20:41:14
DET √ÑR OK DANMAG VI √ÑR INTE ARGA,87,1c5rpb,4,1365742314.0,,2013-04-12 06:51:54
MRN Jeg ser en svensker p√• et dansk subreddit,85,4165yf,12,1452935839.0,,2016-01-16 10:17:19
DANSKERN ER I RUMMET NU! MEN HVOR ER SVENSKERNE,88,3jbe8k,9,1441197647.0,,2015-09-02 14:40:47
SVERIGE YES!,89,2ow1ia,12,1418266772.0,,2014-12-11 03:59:32
SE! EN √ÜGTE VIKING P√Ö FIRE HJUL!,85,20js0w,3,1395004603.0,,2014-03-16 22:16:43
"280 KG DANSK, ELDREVET INGENI√òRKUNST",89,1emhqy,11,1368986306.0,,2013-05-19 19:58:26
Svensken: Internationalt anerkendt som sm√• og svage,83,60i6gy,0,1490062600.0,,2017-03-21 03:16:40
Dansken dominerer Oscars. Svensken kan ikke andet end filmatiseringer af Astrid Lindgren!,86,5rup9j,1,1486166430.0,,2017-02-04 01:00:30
Jag lagade stekfl√§sk med persiljes√•s idag.,88,3uww8k,6,1448950766.0,Det var allt jag ville s√§ga.,2015-12-01 07:19:26
Jeg f√∏ler mig... forkert,84,3ljoya,55,1442690874.0,,2015-09-19 21:27:54
Jeg jagtede ham i godt tre minutter,89,3dmsdh,7,1437175196.0,,2015-07-18 01:19:56
"Jylland, tydeligvis... http://bit.ly/1Jql4Vp",88,351ppc,16,1430940150.0,,2015-05-06 21:22:30
De st√¶rke midler skal tages i brug for at kn√¶kke tysken. B√∏fsandwich!,87,2veay7,0,1423582504.0,,2015-02-10 16:35:04
Grunden til at svensken ikke har v√¶ret i krig i 200 √•r. De kan ikke finde ud af det.,83,2e9e9d,4,1408723871.0,,2014-08-22 18:11:11
Danske spiludviklere hitter p√• Steam,87,1p5goc,4,1382679799.0,,2013-10-25 07:43:19
Plague Inc. udviklere taget i majest√¶tsforn√¶rmelse af Kongeriget Danmark!,87,5v3ft2,14,1487607200.0,,2017-02-20 17:13:20
Dj√¶vlens v√¶rkt√∏j,81,4dwuew,14,1460157457.0,,2016-04-09 01:17:37
Fresh Prince of DenMark [fra FB],86,355lce,5,1431015765.0,,2015-05-07 18:22:45
DEN DANSKE INVASION AF /R/SHITTYAMA. VIKINGERNE SEJRER OVER DE AFSKYLIGE MODS,85,1vo1qv,3,1390250237.0,,2014-01-20 21:37:17
GICK JU BRA F√ñRRA G√ÖNGEN NI VILLE HA SK√ÖNE,89,1c3962,3,1365657541.0,,2013-04-11 07:19:01
INGEN OVERG√ÖR DET DANSKE K√òKKEN!,85,1bzkgk,8,1365543042.0,,2013-04-09 23:30:42
Svensken er if√∏lge objektive og officielle kilder udn√¶vnt til at v√¶re det absolut v√¶rste nordiske land at bo i.,81,77f55n,2,1508455912.0,,2017-10-20 01:31:52
Landsforr√¶deri af v√¶rste skuffe i Politiken!!!!,83,3q4xp9,6,1445799026.0,,2015-10-25 19:50:26
Min bil i Rocket League,84,3cxc5g,5,1436661807.0,,2015-07-12 02:43:27
Svensken er intet.,82,2vnccq,5,1423775423.0,,2015-02-12 22:10:23
Vikings are always first (x-post from /r/funny),86,2rfx8c,0,1420522618.0,,2015-01-06 06:36:58
GUD BEVARE /DANMAG!,84,1u472r,5,1388552577.0,,2014-01-01 06:02:57
En af os!,82,1d3bdd,5,1366936752.0,,2013-04-26 02:39:12
"Svensken har en fantastisk ting, som Danmark ikke har!",83,6902dn,3,1493843856.0,En prangende havudsigt til et smukt naboland! ,2017-05-03 22:37:36
Set p√• /r/imgoingtohellforthis,82,4gyhl8,9,1461947012.0,,2016-04-29 18:23:32
"Svensken ved ikke hvordan man laver musik, er n√∏dt til at h√∏re p√• dansken",85,3plpdb,4,1445438441.0,,2015-10-21 16:40:41
Den √¶gte vare,83,3k8lr5,7,1441833463.0,,2015-09-09 23:17:43
"Hallo Denemarken mogen wij uw fietsnetwerk? Als het niet goedschiks kan, dan moeten we helaas uw subreddit overnemen. Vriendelijke groet, Steelpan.",86,36gzoq,59,1432055600.0,,2015-05-19 19:13:20
Saw this Danish island while walking home today. Such a shame it's not Canadian.,85,2qqoog,5,1419912593.0,,2014-12-30 05:09:53
Jeg skammer mig over landsforr√¶dere som denne,86,2j8t71,5,1413343560.0,,2014-10-15 05:26:00
Alt er gladere i Danmag,82,2cwhsn,3,1407462180.0,,2014-08-08 03:43:00
L√ÜNGE LEVE MILEY CYRUS!!!,82,27hkmw,4,1402106814.0,,2014-06-07 04:06:54
Vores allesammens General mod Norge!,81,25tbpk,0,1400387065.0,,2014-05-18 06:24:25
Eurovision,82,258f1y,8,1399784729.0,Jag m√•ste erk√§nna att ni har gjort det bra. Ni har t√§nkt p√• allt.,2014-05-11 07:05:29
DANMAG SOM DET F√òRSTE LAND I MINECRAFT 1:1!,85,23ugsx,8,1398359642.0,,2014-04-24 19:14:02
De engelske barbarerer er her! R√∏de P√∏lser til forsvaret!,82,1w3va7,0,1390672961.0,,2014-01-25 19:02:41
Velf√¶rdsdrik!,82,1vo1zu,3,1390250550.0,,2014-01-20 21:42:30
Jeg bager patriot mad til den forest√•ende invasion af Swarje,80,1ekvn3,15,1368919714.0,,2013-05-19 01:28:34
Jeg tror m√•ske svenskerne har undervurderet hvad de har sat igang,81,1c7k79,1,1365808414.0,,2013-04-13 01:13:34
DANMARK ER I EM FINALEN! HVOR ER SVENSKEN?,81,6rir9x,11,1501857962.0,,2017-08-04 16:46:02
Igen g√∏r Mads Mikkelsen Danmark √¶re!! Svensken kan ikke en gang f√• en statistrolle i lokalteatret!!,80,5g227r,12,1480692741.0,,2016-12-02 16:32:21
MRN min lillebror sp√∏rger mig om jeg kan lide hans nye svenske k√¶reste,84,4evlkl,6,1460733030.0,,2016-04-15 17:10:30
Svensken er ved at bryde sammen af korruption,79,2tttkq,10,1422382883.0,,2015-01-27 19:21:23
√Ürlig snak p√• internettet.,79,2r83g5,5,1420340508.0,,2015-01-04 04:01:48
[TUNG VEJRTR√ÜKNING],82,2eh7z7,21,1408947717.0,,2014-08-25 08:21:57
"HVILKET SMUKT SYN, P√Ö EN SMUK DAG!",81,29tqmi,2,1404510147.0,,2014-07-04 23:42:27
Dansk vs. Norsk politik,81,1m67tj,14,1378932825.0,,2013-09-11 22:53:45
Danmarks stolthed!,82,1cmjpd,12,1366342648.0,,2013-04-19 05:37:28
"Sverige, hele Europa's penisjoke!",85,1c81xt,6,1365821871.0,,2013-04-13 04:57:51
√òRESUNDSBROEN VAR EN FEJL!,79,1c0e63,2,1365565872.0,,2013-04-10 05:51:12
Det allerbedste (album),82,6gny56,0,1497245222.0,,2017-06-12 07:27:02
S√•... Skal vi kanskje bare ta √• g√• inn i en union eller noe s√•nt snart? Hvis det er ok for dere ogs√• da?...,82,5wa8mn,20,1488147054.0,"Vi tilbyr brunost og ""Skam"" som bonus...

[Ser de ikke fine ut sammen](http://bloggfiler.no/unioneen1814.blogg.no/images/1679546-9-1358976168975.jpg)?",2017-02-26 23:10:54
DE UNDERLEGNE SVENSKERE INDR√òMMER DANERNES SUVER√ÜNITET,79,53j2q3,5,1474339231.0,,2016-09-20 04:40:31
Danmark er verdensmestre i Badminton!,82,4ki1qa,1,1463941819.0,,2016-05-22 20:30:19
HVOR ER DIN GUD NU SVERIGE?,82,2656yf,5,1400728659.0,,2014-05-22 05:17:39
AGTE DANSK VIKINGE TAGER BILLEDE AF LANDETS FREMTID,81,1onmbo,9,1382059131.0,,2013-10-18 03:18:51
"Selv de store subreddits har fundet sandheden nu, Danmark l√¶nge leve.",84,7npkue,4,1514957472.0,,2018-01-03 06:31:12
"√•h nej, nu er svensken i gang igen. h√¶vder at de er en ""succes"" og ""nordens konge"". 6000 upvotes. ser ud til at alle i sverige hjalp til den her gang. lad os vise dem hvem der bestemmer!",80,6u1ics,5,1502913188.0,,2017-08-16 21:53:08
Dannebrog - Det F√∏rste og Bedste Flag (Og Svensker stjal det),81,6fdxml,0,1496695470.0,,2017-06-05 22:44:30
En ordentlig omgang svensk cringe,83,5akcx9,4,1478049570.0,,2016-11-02 02:19:30
Danmag mindst korrupte land i verden. Svensken ligger p√• en bund korrupt tredjeplads!,80,42wub9,10,1453917905.0,,2016-01-27 19:05:05
9 grunde til at den danske √∏konomi efterlader USA's i st√∏vet,81,3prm47,2,1445546738.0,,2015-10-22 22:45:38
Everything is awesome - havde lige en halvtimes klip & klistre overspringshandling,80,2xgfee,4,1425155191.0,,2015-02-28 21:26:31
"Sch√∂nes Auto min R√òV - dette er et design, der s√¶tter helt nye normer for n√¶rtransport",80,2vmwlg,2,1423760337.0,,2015-02-12 17:58:57
SVENSKEN I SIN USLE STORHED,79,2jzdy9,17,1414005037.0,,2014-10-22 21:10:37
"Jeg er en mod p√• / r / shittyAMA og jeg √∏nskede at lade dig vide, i min Google Translate dansk, at vi har overgivet sig til din kontrol. Du kan stoppe med at lave IAMA Dane indl√¶g nu.",83,1vo68r,20,1390255234.0,Please.,2014-01-20 23:00:34
Vi drukner svensken i dansk lykke-juice!,83,1c7egw,6,1365803428.0,,2013-04-12 23:50:28
Danmarks √¶dle Rigsv√•ben (og svenskens til sammenligning),80,1c0g3c,3,1365567140.0,,2013-04-10 06:12:20
Det skotske sprog er smukt!,79,8fjq0d,3,1524949070.0,,2018-04-28 22:57:50
"""Ikke engang svenskerne kunne finde p√• s√•dan noget, og er der nogen, der er idioter, s√• er det svenskerne"" - Brian Holm",79,6of2ek,0,1500570263.0,,2017-07-20 19:04:23
Selv Svensken fatter ikke deres eget sprog!,79,4vs31g,8,1470168390.0,,2016-08-02 22:06:30
INVASIONEN ER BEGYNDT! VI SKAL GENSKABE DANELAGEN!,77,4nfp4q,6,1465583594.0,,2016-06-10 20:33:14
Man m√• vise Google vejen frem,77,452izw,7,1455137419.0,,2016-02-10 21:50:19
Svensken skyder med stormgev√¶r,78,3w8spv,13,1449794973.0,,2015-12-11 01:49:33
NORDPOLEN BLIVER VORES!,81,2r7kno,19,1420329507.0,,2015-01-04 00:58:27
Lad os invadere sverige med denne bil,78,2nnppo,7,1417200237.0,,2014-11-28 19:43:57
I en fremtid langt v√¶k... eksistere der kun Danskhed,79,1utpms,11,1389329583.0,,2014-01-10 05:53:03
Den forurenene svenske befolkning udleder tonsvis af CO2 p√• lange flyrejser - dansken holder verden ren!,77,7kvoer,7,1513741311.0,,2017-12-20 04:41:51
N√•r man elsker sit land ubetinget,81,6mt7ql,1,1499886284.0,,2017-07-12 21:04:44
Dannebrog!!!,78,6j9qg1,1,1498358215.0,,2017-06-25 04:36:55
Dansk skuespiller foresl√•s som Geralt p√• forsiden - IGEN er svensken ikke at ane!,79,450qww,2,1455104317.0,,2016-02-10 12:38:37
Verdens bedste l√•sesk√¶rm!,80,402qt9,9,1452311623.0,,2016-01-09 04:53:43
"Canada har gjort krav p√• /r/HansIsland, men de har forladt √∏en igen. Jeg har anmodet om at overtage den - for Gud, konge og f√¶dreland.",80,3tf9en,11,1447963507.0,,2015-11-19 21:05:07
Jeg ville stemme p√• dem,77,3422dt,2,1430187581.0,,2015-04-28 04:19:41
Danmarks Radio ved det!,78,2p0a97,1,1418359185.0,,2014-12-12 05:39:45
Danmag m√• se sig sl√•et af svenskeren I MEST KRIMINALITET,75,2ma98o,3,1416002830.0,,2014-11-14 23:07:10
Gl√¶delig jul til hele /DANMAG!,81,1tm1lw,4,1387929973.0,,2013-12-25 01:06:13
Jeg lavede dette billede til min fysikrapport om vindm√∏ller (Svane triller en gl√¶dest√•re over √¶gte dansk design),78,1p7hcm,4,1382752683.0,,2013-10-26 03:58:03
250 GRAM SALTET DANSK STOLTHED,76,1bzpx7,9,1365548213.0,,2013-04-10 00:56:53
Prinsgemalen har brug for DIG,76,636mqb,8,1491253531.0,,2017-04-03 23:05:31
R√òDE P√òLSER,77,2zqxug,10,1426918534.0,"VIL BARE GERNE SIGE, AT JEG ELSKER R√òDE P√òLSER. DE SMAGER SGU FANDME GODT.",2015-03-21 07:15:34
Min danskl√¶rer har givet mig noget smukt patriotisk materiale.,74,2n9498,5,1416854083.0,,2014-11-24 19:34:43
Respekteret dansk bryg med i Eminem musikvideo!,78,2gz448,7,1411271025.0,,2014-09-21 05:43:45
"I can't speak Danish, but I freaking love Denmark.",74,23h5sf,35,1397983307.0,Am I accepted here?,2014-04-20 10:41:47
"√ñh, Silvia!",74,1x62xy,8,1391708406.0,,2014-02-06 18:40:06
Til alle dem som planl√¶gger et angreb imod /r/DANMAG har jeg kun √©n ting at sige.,76,1wn1iu,7,1391199064.0,,2014-01-31 21:11:04
TV2 Play for alle!,78,1uauw7,43,1388768908.0,"3 m√•neders gratis TV2 Play!

1. G√• til link. http://play.tv2.dk/buy/pay?productid=2
2. V√¶lg ‚ÄúKampagnekode‚Äù som betaling.
3. Indtast f√∏lgende ‚Äú44576914234‚Ä≥.
4. Du har nu 3 m√•neders gratis TV2 Play Premium.
Dette tip g√¶lder indtil d. 6. januar, 2014.",2014-01-03 18:08:28
"TILLYKKE TIL VOR √ÜREDE OG OPH√òJEDE MONARK, DRONNING MARGRETHE ALEXANDRINE √û√ìRHILDUR INGRID DEN ANDEN",76,1chfke,2,1366172552.0,,2013-04-17 06:22:32
"X-post: Mine Damer og Herrer: Tillad mig at pr√¶sentere - S√∏ren Pape Poulsen, justitsminister i Danmark",75,5j2nhg,3,1482127329.0,,2016-12-19 07:02:09
STOLT DANSKER VINDER EM-GULD I H√ÜKKEL√òB!!! EKSISTERER SVENSKEN OVERHOVEDET MERE?,73,4s6eqn,1,1468200441.0,,2016-07-11 03:27:21
Dansk kultur under det hidtil h√•rdeste angreb,78,3rzw7t,7,1447011366.0,,2015-11-08 20:36:06
VERDENS √ÜLDSTE NATIONALFLAG I RUMMET,76,3kkd7g,0,1442020803.0,,2015-09-12 03:20:03
MGW ich pl√∂tzlich im unterlegenen /r/Danmag lande,75,2vbigk,8,1423532541.0,,2015-02-10 02:42:21
EJER/PATRIOT S√òGES: Denne Elite K√∏bmand-pose fundet i F√¶lledparken fyldt med Olsenbanden-vhs'er. Findel√∏n kan afregnes i postkort med kongefamilien.,74,274phv,3,1401761806.0,,2014-06-03 04:16:46
TIL: Sverige er et tredjeverdensland,78,24urwl,7,1399402774.0,,2014-05-06 20:59:34
TOM K. G√òR DET IGEN,77,1gwncs,9,1372021328.0,,2013-06-23 23:02:08
Rigtige Konger bekymrer sig om deres unders√•tter.,80,1g4c8e,1,1370987478.0,,2013-06-11 23:51:18
DET DANSKE PRODUKT DER REVOLUTIONEREDE VERDEN,77,1bzlze,6,1365544632.0,,2013-04-09 23:57:12
Selv Spotify synes at Sk√•ne er dansk!,77,5yt4wn,3,1489274780.0,,2017-03-12 00:26:20
Den ultimative bjergbestiger-bedrift,72,3q9pht,4,1445889008.0,,2015-10-26 20:50:08
2-trins guide til at forbedre vores elskede skandinavien!,74,34o1i0,27,1430636046.0,,2015-05-03 08:54:06
Glem aldrig! Evige nordiske mestre i pikkemand!,73,1l8136,6,1377674825.0,,2013-08-28 09:27:05
pr√¶cis hvor vi h√∏rer FORAN HELE VERDEN TIL SKUE OG MISUNDELSE,74,1f7x7v,7,1369800050.0,,2013-05-29 06:00:50
Danske sm√∏rkager er p√• forsiden! Men hvor er svensken?!,78,9uy7em,0,1541613985.0,,2018-11-07 19:06:25
DANMARK ER OVER SVENSKEN,75,8f9c7t,0,1524836431.0,,2018-04-27 15:40:31
MEN HVOR ER SVENSKEN?,76,7voqx6,6,1517965393.0,,2018-02-07 02:03:13
Svenskens fejhed er tydelig for alle.,74,72m7p5,0,1506478060.0,,2017-09-27 04:07:40
Fandt den her sk√∏nhed i L√∏sning brugsen,75,68fq84,5,1493591654.0,,2017-05-01 00:34:14
PERNILLE BLUME'S REAKTION TIL GULD N√ÖR FRONTPAGE! √ÜRE TIL F√ÜDRELANDET!,76,4xnv8o,0,1471205661.0,,2016-08-14 22:14:21
M√• vores tanker g√• ud til vores kompagnoner i Frankrig,76,3sricb,1,1447520321.0,"En tragisk tid for Frankrig, men vi vil st√∏tte dem.",2015-11-14 17:58:41
HENDES KONGELIGE H√òJHED,74,3mqm2p,3,1443497933.0,,2015-09-29 05:38:53
*Danskhed Intensificerer*,74,399wfw,12,1433953980.0,,2015-06-10 18:33:00
NOGET ENHVER STOLT DANER KAN TILSLUTTE SIG!,75,34c44q,24,1430379090.0,,2015-04-30 09:31:30
DANMAG g√∏r krav p√• Nordpolen!,71,2pccfl,10,1418659887.0,,2014-12-15 17:11:27
Danmark best√•r! Svensken i undertal!,76,2mwpsm,12,1416543598.0,,2014-11-21 05:19:58
Giraf-gate 2014- Never forget!,76,1xpte2,4,1392250662.0,,2014-02-13 01:17:42
L√ÜNGE LEVE DANNEBROG,70,1pv5hf,2,1383581908.0,,2013-11-04 17:18:28
RIKKE M√òLLER S√ÜTTER VERDENS REKORD I 200M BRYST!!!!!!ER SVENSKEN DRUKNET!?!?!?!,76,1jiby4,3,1375409202.0,,2013-08-02 04:06:42
"Det er i dag 616 √•r siden den retf√¶rdige og uselviske Dronning Margrete I. fik kn√¶kket Svensken og dermed indtog sin retm√¶ssige stilling, som Dronning af Norden. M√• hendes navnes√∏ster f√∏lge trop!",77,1gjel8,6,1371529955.0,,2013-06-18 06:32:35
ENDNU EN FANTASTISK DANSK OPFINDELSE!,77,1e4n8t,6,1368310978.0,,2013-05-12 00:22:58
En fuld svensker var den f√∏rste til at snyde til OL. Det ku man ha sagt sig selv.,75,4z2vpi,1,1471929961.0,,2016-08-23 07:26:01
En stolt dansker forsvarer nationens √¶re,73,4qqccy,13,1467383558.0,,2016-07-01 16:32:38
DANSKER MED P√Ö ET AF VERDENS ST√òRSTE TALKSHOWS. SVENSKEN INGEN STEDER AT SE,77,3wdt8o,2,1449875232.0,,2015-12-12 00:07:12
Hele verdenen undrer sig over svenskens underlige t√∏jstil. x-post /r/tumblr,73,3aooin,3,1434983461.0,,2015-06-22 16:31:01
VORES ALLE SAMMENS DOUCHEMARINE NEDL√ÜGGER SVENSKEN I WCS QUALIFIERS! (StarCraft 2),72,2sbipa,17,1421210265.0,,2015-01-14 05:37:45
"Godt nyt√•r, br√∏dre! Svensken fejrer det sikkert m√¶rkeligt!",73,2qy6o7,1,1420086336.0,,2015-01-01 05:25:36
Danmark knuser svensken i verdensmesterskabet i Hearthstone og vejen til mesterskabet er nu lagt.,73,2hczmz,9,1411616867.0,,2014-09-25 05:47:47
DANMAG I THE TONIGHT SHOW!,71,24wcn9,7,1399440636.0,,2014-05-07 07:30:36
Jeg fandt dette i min samfundfagsbog og t√¶nkte at jeg vil dele det med alle mine med-danskere!,73,24g6cg,11,1398974369.0,,2014-05-01 21:59:29
"Jeg f√∏ler, jeg har gjort min pligt",71,22b2uy,5,1396770366.0,,2014-04-06 09:46:06
DENMARKU STRONGU!,73,1znc1x,5,1394074818.0,,2014-03-06 04:00:18
√Ügte patriot fundet p√• 4chan,75,1vupkz,10,1390430668.0,,2014-01-22 23:44:28
"Kneb en t√•re for F√¶drelandet, da jeg s√• denne reklame i Londons Undergrund i dag. Glorv√¶rdige √ò'er og √Ü'er i k√¶mpeformat, lige op i ansigtet p√• de feje engl√¶ndere!",75,1f78tm,4,1369780986.0,,2013-05-29 00:43:06
SEJR!,74,1ell1a,2,1368944492.0,,2013-05-19 08:21:32
PR√òVER SVENSKEN OVERHOVEDET?,72,1c2a6q,10,1365631733.0,,2013-04-11 00:08:53
"DANMARK er det 5. mest fredelige land, sverige er p√• en krigsliderlig 18. plads!",71,6epinr,8,1496377475.0,,2017-06-02 06:24:35
Jeg har en dansk mus og en svensk mus. En af dem fungere ik' mere. G√ÜT HVILKEN,72,6dp70z,13,1495938415.0,,2017-05-28 04:26:55
Svensken er endelig kommet til fornuft,73,4tmi8i,14,1468979890.0,,2016-07-20 03:58:10
Geografi Nu! Har lavet en video om vore k√¶re land!,72,4o7ztq,7,1466034862.0,,2016-06-16 01:54:22
Danske TSM vinder PGL season 1 LAN finalen.,72,3ngluu,4,1444002035.0,,2015-10-05 01:40:35
Hold den skide tysken ude,71,2vfu5x,4,1423620258.0,,2015-02-11 03:04:18
"Ser man bort fra Basims optr√¶den, var det et smukt √∏jeblik da Dannebrog rullede ned",70,201d2y,6,1394475525.0,,2014-03-10 19:18:45
For folk og frihed!,75,1to8g5,10,1388009458.0,,2013-12-25 23:10:58
"NORSKEN OVERVEJER AT REGISTRERE √òLK√òB, SVENSKEN HAR FOR L√ÜNGST LAGT SIG P√Ö RYGGEN. DANMARK L√ÜNGE LEVE OG SK√Ö√Ö√Ö√ÖL!",69,1gpooe,2,1371739043.0,,2013-06-20 16:37:23
Kong Henrik er verdens st√∏rste fugleven,73,1cgcsf,7,1366137841.0,,2013-04-16 20:44:01
S√Ö ER DER D√òMT KRIG MOD SVENSKEN,69,1c341k,3,1365654005.0,,2013-04-11 06:20:05
Snak sammen to og to om hvad der er uhyggeligt.,69,8375km,4,1520635430.0,,2018-03-09 23:43:50
Profit?,68,7uulka,12,1517634946.0,,2018-02-03 06:15:46
Professoren er p√• DANMAGs side!!,71,4hp4ku,2,1462329479.0,,2016-05-04 04:37:59
Vores stolte historie fortalt p√• imgur:,70,38taqw,10,1433639192.0,,2015-06-07 03:06:32
Netto er g√•et over til fjenden,71,2fq8r0,24,1410136693.0,,2014-09-08 02:38:13
Mit nyeste projekt!,70,2dsgh8,3,1408298295.0,,2014-08-17 19:58:15
"Valdemar Atterdag brandskatter Visby - et maleri der viser den danske konge holde en Svensk by til fange, efter at have nedslagtet enhver form for modstand. Malet af en Svensker, for selv Svensken ved at Danerne er de bedste.",73,27v3zy,2,1402507294.0,,2014-06-11 19:21:34
IKKE ENGANG BING VIL KENDES VED DEN VEDERSTYGGELIGE SVENSKE TALE,73,1ot2pn,1,1382256739.0,,2013-10-20 10:12:19
Det danske flag er stort og tydeligt. Svenskens er ugenkendeligt og flyder ud i √òsters√∏en,72,1mftr2,7,1379291766.0,,2013-09-16 02:36:06
Cadeaux fra barndommens ven.,74,3vbw6s,10,1449206329.0,,2015-12-04 06:18:49
Endnu en dansker med i Game of Thrones. Endnu engang er svensken betragtet som for talentl√∏s.,73,3jbpnk,0,1441204564.0,,2015-09-02 16:36:04
Lad ej Dannebrog svaje i den ekstremistiske √∏rkenvind. Vores tanker g√•r til den dr√¶bes familie og venner.,68,2vwei7,23,1423971385.0,"Hold en sober tone, tak.",2015-02-15 04:36:25
"Den m√¶gtige Kong Frederik IX, skr√¶mmer svensken hans overlegene danske krop, udformet, og prydet med tatoveringer, i den stolte danske fl√•de.",68,2fxxjq,3,1410324719.0,,2014-09-10 06:51:59
SVENSKENS ANSIGT N√ÖR DE INDSER AT DE IKKE KAN F√òLGE MED!,72,1vgjwi,0,1390008599.0,,2014-01-18 02:29:59
Kong Vom d. 1. af DANMAG,70,1hux9t,2,1373313284.0,,2013-07-08 21:54:44
DEN DANSKE NATIONALDESSERT SOM INGEN ANDRE LANDE KAN UDTALE,70,1hcyfd,6,1372617677.0,,2013-06-30 20:41:17
F√ÜLDER EN ENKELT T√ÖRE N√ÖR JEG SER DISSE KNEJSENDE DANSKE STOLTHEDER,69,1bv4ux,1,1365387996.0,,2013-04-08 04:26:36
De kongelige gravhunde nyder sommeren p√• Marselisborg Slot,71,4r93ui,2,1467692887.0,,2016-07-05 06:28:07
Snoop Dogg frast√∏dt af Svensken og tager aldrig tilbage.,69,3eoek2,4,1437961080.0,,2015-07-27 03:38:00
"DANSK MATEMATIKGENI P√Ö VEJ TIL VM I PROGRAMMERING: ""Vi er nok hurtigere end gennemsnittet af programm√∏rer, men et ambiti√∏st m√•l er at komme i top 12. Og hvis vi sl√•r svenskerne, bliver vi glade,"" siger han.",70,35xo4h,4,1431631457.0,,2015-05-14 21:24:17
Den alvidende Niels Bohr s√¶tter Einstein p√• plads!,68,2veodi,12,1423595659.0,,2015-02-10 20:14:19
K√¶tteri ved h√∏jlys dag!,67,2pyyn5,10,1419196719.0,,2014-12-21 22:18:39
DANMAG SPROGENES MESTER! SVENSKEN KAN KUN S√òLLE TO SPROG,70,2ih22c,23,1412650303.0,,2014-10-07 04:51:43
MENS BRONZEALDERMANDEN BYGGEDE GRAVH√òJE HERHJEMME BOLLEDE SVENSKEN MED SINE HESTE. OVERRASKET? NEJ.,68,24j3zy,2,1399052816.0,,2014-05-02 19:46:56
√Örhundredets st√∏rste vittighed!,71,1vorsv,6,1390270217.0,,2014-01-21 03:10:17
S√Ö DER LAGKAG'!,68,1s9v8m,4,1386396406.0,,2013-12-07 07:06:46
En hel palle med dansk stolthed!,66,1c80f2,4,1365820719.0,,2013-04-13 04:38:39
Lad svensken angribe! Carl er klar!,67,1c70v3,1,1365781978.0,,2013-04-12 17:52:58
1805 - Never forget...,68,1bztgw,7,1365551115.0,,2013-04-10 01:45:15
Endnu en uoriginal kantet migmig,65,846a7y,2,1520993167.0,,2018-03-14 03:06:07
Snart...,68,6h7ybj,1,1497480459.0,,2017-06-15 00:47:39
"Danskerne ligger p√• anden-pladsen over videnskabelige udgivelser per tusinde indbyggere, svensken er slet ikke til at finde (fjerdepladsen). (x-post fra /r/dataisbeautiful)",70,663pe9,0,1492559853.0,,2017-04-19 01:57:33
"Idag, p√• F√∂rintelsens minnesdag, vill jag h√∂ja ett glas till er danskj√§vlar och tacka f√∂r ett v√§lf√§rdsligt samarbete",67,5qj7vd,1,1485575086.0,,2017-01-28 04:44:46
Dansken hyldet som det mindt korrupte land mens svensken m√• flyde i korruption!,69,5q3exm,5,1485382931.0,,2017-01-25 23:22:11
Svensken anerkender sin underlegenhed ‚Äì opfordrer svenskere til at flytte til Danmark,65,5efzp4,5,1479913279.0,,2016-11-23 16:01:19
TITEL I CAPSLOCK! PROBLEMET MED GR√ÜNSEKONTROLLEN TIL √òRESUND ENDELIG L√òST!,67,54n2z3,12,1474954644.0,,2016-09-27 07:37:24
K√∏benhavnsk gadekunst hitter p√• forsiden! Svenskens fingermaling er ingen steder at se!,72,4x2dlo,0,1470868056.0,,2016-08-11 00:27:36
De stolte Danskere har invaderet Svensken!,65,4dlctk,0,1459971415.0,,2016-04-06 21:36:55
Dages frokost,67,48y6ap,13,1457139641.0,,2016-03-05 02:00:41
Smukkeste golf bane jeg nogensinde har set.,68,3hu1ut,4,1440183123.0,,2015-08-21 20:52:03
"Norge tager √¶ren for dansk film skat, Olsen Banden.",65,3c6dqz,15,1436108469.0,"Jeg ser ofte nordm√¶nd hoppe ind og spydigt dog arrogant p√•st√• at Olsen Banden er norsk og at Danmark efterligner dem.
Aldrig har de taget 2 minutter for at kigge p√• wikipedia for at se hvorn√•r hvilke film blev udgivet, eller hvor platte og manglende i sj√¶l, kvalitet og humor de norske forfalskninger var.


Selv tyskerne ved at Olsen Banden er dansk, og det blev hyldet tilbage i sin tid men blot en tysk synkronisering (som de g√∏r med alt ha-ha-haaaa)

Hvad fanden i hele hule helvede fejler de arrogante fjellaber? Har de virkelig drukket s√• meget olie at de er blevet sk√∏re, eller er det bare deres urimelige dyre pris p√• spegep√∏lse der f√•r dem til at skabe illusioner for at overkommer hvor s√∏lle en primitiv lille pis skvat nation af en flok klasseklovne de i virkeligheden er? Aldrig har jeg set mage, det her er ikke nogen cirkeljerk, der er ingen, siger jeg jer, ingen der overhovedet skal t√¶nke p√• at fl√• skatten, Olsen Banden, ud af h√¶nderne p√• verdens bedste og √¶ldste nation, og slet ikke s√•dan et par prettyboys hvis st√∏rste kontribution til verdenen er osteh√∏vlen. Fy for helvede s√•dan et par amat√∏rer, m√¶lk skal drikkes, ikke spises!

**TL;DR: Norge pisser p√• Ove Sprog√∏e og sniffer til sine egne prutter fordi de er blevet relevante efter oliefund**

Obligatorisk Egon Olsen Rant: https://www.youtube.com/watch?v=x91CfIxBHB0 ",2015-07-05 17:01:09
Gud Bevare Danmark - Dronning Margrethe den 2. giver 0 fucks,68,2uib3w,12,1422906204.0,,2015-02-02 20:43:24
Hvorn√•r starter invasionen af /r/inglin?,67,1vxauf,50,1390488106.0,,2014-01-23 15:41:46
DANMARK VINDER ESC P√Ö SVENSKENS HJEMMEBANE!,68,1ell4w,2,1368944586.0,,2013-05-19 08:23:06
Vi er rigere end svensken!,67,5d4p97,15,1479269065.0,,2016-11-16 05:04:25
Hvilket land er mon det d√•rligste i norden? (Hint: det har ikke vundet OL guld i h√•ndbold i Rio),69,4zce2r,3,1472071673.0,,2016-08-24 22:47:53
